Campaign,Campaign Negative Keyword,Criterion Type
PROGESTI Search ROI,emploi,Broad
PROGESTI Search ROI,formation,Broad
PROGESTI Search ROI,stage,Broad
PROGESTI Search ROI,alternance,Broad
PROGESTI Search ROI,recrutement,Broad
PROGESTI Search ROI,salaire,Broad
PROGESTI Search ROI,métier,Broad
PROGESTI Search ROI,cv,Broad
PROGESTI Search ROI,offre d'emploi,Broad
PROGESTI Search ROI,ménage à domicile,Broad
PROGESTI Search ROI,particulier,Broad
PROGESTI Search ROI,cours,Broad
PROGESTI Search ROI,diplôme,Broad
PROGESTI Search ROI,cap,Broad
PROGESTI Search ROI,bac pro,Broad
PROGESTI Search ROI,nettoyage voiture,Broad
PROGESTI Search ROI,nettoyage piscine,Broad
PROGESTI Search ROI,jardinage,Broad
PROGESTI Search ROI,erp gratuit,Broad
PROGESTI Search ROI,open source,Broad
PROGESTI Search ROI,télécharger gratuit,Broad
PROGESTI Search ROI,pdf,Broad
PROGESTI Search ROI,template excel gratuit,Broad
PROGESTI Search ROI,logiciel gratuit,Broad
PROGESTI Search ROI,emploi nettoyage,Broad
PROGESTI Search ROI,agent de nettoyage,Broad
PROGESTI Search ROI,femme de ménage,Broad
PROGESTI Search ROI,aide ménagère,Broad
PROGESTI Search ROI,job,Broad
PROGESTI Search ROI,annonce,Broad
PROGESTI Search Planning,emploi,Broad
PROGESTI Search Planning,formation,Broad
PROGESTI Search Planning,stage,Broad
PROGESTI Search Planning,alternance,Broad
PROGESTI Search Planning,recrutement,Broad
PROGESTI Search Planning,salaire,Broad
PROGESTI Search Planning,métier,Broad
PROGESTI Search Planning,cv,Broad
PROGESTI Search Planning,offre d'emploi,Broad
PROGESTI Search Planning,ménage à domicile,Broad
PROGESTI Search Planning,particulier,Broad
PROGESTI Search Planning,cours,Broad
PROGESTI Search Planning,diplôme,Broad
PROGESTI Search Planning,cap,Broad
PROGESTI Search Planning,bac pro,Broad
PROGESTI Search Planning,nettoyage voiture,Broad
PROGESTI Search Planning,nettoyage piscine,Broad
PROGESTI Search Planning,jardinage,Broad
PROGESTI Search Planning,erp gratuit,Broad
PROGESTI Search Planning,open source,Broad
PROGESTI Search Planning,télécharger gratuit,Broad
PROGESTI Search Planning,pdf,Broad
PROGESTI Search Planning,template excel gratuit,Broad
PROGESTI Search Planning,logiciel gratuit,Broad
PROGESTI Search Planning,emploi nettoyage,Broad
PROGESTI Search Planning,agent de nettoyage,Broad
PROGESTI Search Planning,femme de ménage,Broad
PROGESTI Search Planning,aide ménagère,Broad
PROGESTI Search Planning,job,Broad
PROGESTI Search Planning,annonce,Broad
PROGESTI Search Syndic,emploi,Broad
PROGESTI Search Syndic,formation,Broad
PROGESTI Search Syndic,stage,Broad
PROGESTI Search Syndic,alternance,Broad
PROGESTI Search Syndic,recrutement,Broad
PROGESTI Search Syndic,salaire,Broad
PROGESTI Search Syndic,métier,Broad
PROGESTI Search Syndic,cv,Broad
PROGESTI Search Syndic,offre d'emploi,Broad
PROGESTI Search Syndic,ménage à domicile,Broad
PROGESTI Search Syndic,particulier,Broad
PROGESTI Search Syndic,cours,Broad
PROGESTI Search Syndic,diplôme,Broad
PROGESTI Search Syndic,cap,Broad
PROGESTI Search Syndic,bac pro,Broad
PROGESTI Search Syndic,nettoyage voiture,Broad
PROGESTI Search Syndic,nettoyage piscine,Broad
PROGESTI Search Syndic,jardinage,Broad
PROGESTI Search Syndic,erp gratuit,Broad
PROGESTI Search Syndic,open source,Broad
PROGESTI Search Syndic,télécharger gratuit,Broad
PROGESTI Search Syndic,pdf,Broad
PROGESTI Search Syndic,template excel gratuit,Broad
PROGESTI Search Syndic,logiciel gratuit,Broad
PROGESTI Search Syndic,emploi nettoyage,Broad
PROGESTI Search Syndic,agent de nettoyage,Broad
PROGESTI Search Syndic,femme de ménage,Broad
PROGESTI Search Syndic,aide ménagère,Broad
PROGESTI Search Syndic,job,Broad
PROGESTI Search Syndic,annonce,Broad
